{"id": 1, "elbo": -0.6569132626056671, "perf": 0.8926362229198324, "metadata": {"path": "data/tcl_1000_40_2_4_3_1_gauss_xtanh.npz", "file": "data/tcl_1000_40_2_4_3_1_gauss_xtanh.npz", "batch_size": 64, "epochs": 20, "max_iter": null, "hidden_dim": 50, "depth": 3, "lr": 0.001, "seed": 1, "cuda": false, "preload": false, "anneal": false, "log_freq": 25, "nps": 1000, "ns": 40, "n": 40000, "latent_dim": 2, "data_dim": 4, "aux_dim": 40}}
{"id": 2, "elbo": 5.821161117553711, "perf": 0.57401561201081, "metadata": {"path": "/data/Yuhang/iVAE-master/data/tcl_2000_40_5_5_2_1_gauss_lrelu.npz", "file": "/data/Yuhang/iVAE-master/data/tcl_2000_40_5_5_2_1_gauss_lrelu.npz", "batch_size": 64, "epochs": 20, "max_iter": null, "hidden_dim": 50, "depth": 3, "lr": 0.001, "seed": 1, "cuda": false, "preload": false, "anneal": false, "log_freq": 25, "nps": 2000, "ns": 40, "n": 80000, "latent_dim": 5, "data_dim": 5, "aux_dim": 40}}
{"id": 5, "elbo": 5.129854049682617, "perf": 0.5440378356771912, "metadata": {"path": "/data/Yuhang/iVAE-master/data/tcl_2000_40_5_5_2_1_gauss_lrelu.npz", "file": "/data/Yuhang/iVAE-master/data/tcl_2000_40_5_5_2_1_gauss_lrelu.npz", "batch_size": 64, "epochs": 20, "max_iter": null, "hidden_dim": 50, "depth": 3, "lr": 0.001, "seed": 1, "cuda": true, "preload": true, "anneal": false, "log_freq": 25, "nps": 2000, "ns": 40, "n": 80000, "latent_dim": 5, "data_dim": 5, "aux_dim": 40}}
{"id": 11, "elbo": 5.395524291992188, "perf": 0.5033058216540652, "metadata": {"path": "/data/Yuhang/iVAE-master/data/tcl_2000_40_5_5_2_1_gauss_lrelu_u.npz", "file": "/data/Yuhang/iVAE-master/data/tcl_2000_40_5_5_2_1_gauss_lrelu_u.npz", "batch_size": 64, "epochs": 20, "max_iter": null, "hidden_dim": 50, "depth": 3, "lr": 0.001, "seed": 1, "cuda": true, "preload": true, "anneal": false, "log_freq": 25, "nps": 2000, "ns": 40, "n": 80000, "latent_dim": 5, "data_dim": 5, "aux_dim": 40}}
{"id": 12, "elbo": 4.235962295532227, "perf": 0.5439314243658798, "metadata": {"path": "/data/Yuhang/iVAE-master/data/tcl_2000_40_5_5_2_1_gauss_lrelu_u.npz", "file": "/data/Yuhang/iVAE-master/data/tcl_2000_40_5_5_2_1_gauss_lrelu_u.npz", "batch_size": 512, "epochs": 20, "max_iter": null, "hidden_dim": 50, "depth": 3, "lr": 0.001, "seed": 1, "cuda": true, "preload": true, "anneal": false, "log_freq": 25, "nps": 2000, "ns": 40, "n": 80000, "latent_dim": 5, "data_dim": 5, "aux_dim": 40}}
